INSERT INTO Stundenplan (ID, Schuljahresabschnitts_ID, Beginn, Ende, Beschreibung) VALUES
(1, 1, '2019-02-11', '2019-07-12', 'Stundenplan 2. Halbjahr');

INSERT INTO Stundenplan_Raeume(ID, Stundenplan_ID, Kuerzel, Beschreibung, Groesse) VALUES
(1, 1, '1.01', 'Klassenraum 05a', 32),
(2, 1, '1.02', 'Klassenraum 05b', 32),
(3, 1, '1.03', 'Klassenraum 05c', 32),
(4, 1, '1.04', 'Klassenraum 05d', 32),
(5, 1, '1.05', 'Klassenraum 06a', 32),
(6, 1, '1.06', 'Klassenraum 06b', 32),
(7, 1, '1.07', 'Klassenraum 06c', 32),
(8, 1, '1.08', 'Klassenraum 06d', 32),
(9, 1, '1.09', 'Klassenraum 07a', 32),
(10, 1, '1.10', 'Klassenraum 07b', 32),
(11, 1, '1.11', 'Klassenraum 07c', 32),
(12, 1, '1.12', 'Klassenraum 07d', 32),
(13, 1, '2.01', 'Klassenraum 08a', 32),
(14, 1, '2.02', 'Klassenraum 08b', 32),
(15, 1, '2.03', 'Klassenraum 08c', 32),
(16, 1, '2.04', 'Klassenraum 08d', 32),
(17, 1, '2.05', 'Klassenraum 09a', 32),
(18, 1, '2.06', 'Klassenraum 09b', 32),
(19, 1, '2.07', 'Klassenraum 09c', 32),
(20, 1, '2.08', 'Klassenraum 09d', 32),
(21, 1, '2.09', 'Computerraum 1', 26),
(22, 1, '2.10', 'Computerraum 2', 26),
(23, 1, '2.11', 'Computerraum 3', 26),
(24, 1, '2.12', 'Computerraum 4', 26),
(25, 1, '3.01', 'Raum EF 1', 32),
(26, 1, '3.02', 'Raum EF 2', 32),
(27, 1, '3.03', 'Raum EF 3', 32),
(28, 1, '3.04', 'Raum EF 4', 32),
(29, 1, '3.05', 'Raum Q1 1', 32),
(30, 1, '3.06', 'Raum Q1 2', 32),
(31, 1, '3.07', 'Raum Q1 3', 32),
(32, 1, '3.08', 'Raum Q1 4', 32),
(33, 1, '3.09', 'Raum Q2 1', 32),
(34, 1, '3.10', 'Raum Q2 2', 32),
(35, 1, '3.11', 'Raum Q2 3', 32),
(36, 1, '3.12', 'Raum Q2 4', 32),
(37, 1, 'T1', 'Turnhalle 1', 90),
(38, 1, 'T2', 'Turnhalle 2', 90),
(39, 1, 'T3', 'Turnhalle 3', 90),
(40, 1, 'T4', 'Turnhalle 4', 90),
(41, 1, 'E.01', 'Biologie 1', 32),
(42, 1, 'E.02', 'Biologie 2', 32),
(43, 1, 'E.03', 'Biologie 3', 32),
(44, 1, 'E.04', 'Biologie 4', 32),
(45, 1, 'E.05', 'Chemie 1', 32),
(46, 1, 'E.06', 'Chemie 2', 32),
(47, 1, 'E.07', 'Chemie 3', 32),
(48, 1, 'E.08', 'Chemie 4', 32),
(49, 1, 'E.09', 'Physik 1', 32),
(50, 1, 'E.10', 'Physik 2', 32),
(51, 1, 'E.11', 'Physik 3', 32),
(52, 1, 'E.12', 'Physik 4', 32),
(53, 1, 'Aula', 'Aula', 250),
(54, 1, 'SLZ', 'Selbstlernzentrum', 80);


INSERT INTO Stundenplan_Zeitraster(ID, Stundenplan_ID, Tag, Stunde, Beginn, Ende) VALUES
(1, 1, 1, 1, '08:00:00', '08:45:00'),
(2, 1, 1, 2, '08:50:00', '09:35:00'),
(3, 1, 1, 3, '09:40:00', '10:25:00'),
(4, 1, 1, 4, '10:55:00', '11:40:00'),
(5, 1, 1, 5, '11:45:00', '12:30:00'),
(6, 1, 1, 6, '12:35:00', '13:20:00'),
(7, 1, 1, 7, '14:20:00', '15:05:00'),
(8, 1, 1, 8, '15:10:00', '15:55:00'),
(9, 1, 1, 9, '16:00:00', '16:45:00'),
(10, 1, 1, 10, '16:50:00', '17:35:00'),
(11, 1, 2, 1, '08:00:00', '08:45:00'),
(12, 1, 2, 2, '08:50:00', '09:35:00'),
(13, 1, 2, 3, '09:40:00', '10:25:00'),
(14, 1, 2, 4, '10:55:00', '11:40:00'),
(15, 1, 2, 5, '11:45:00', '12:30:00'),
(16, 1, 2, 6, '12:35:00', '13:20:00'),
(17, 1, 2, 7, '14:20:00', '15:05:00'),
(18, 1, 2, 8, '15:10:00', '15:55:00'),
(19, 1, 2, 9, '16:00:00', '16:45:00'),
(20, 1, 2, 10, '16:50:00', '17:35:00'),
(21, 1, 3, 1, '08:00:00', '08:45:00'),
(22, 1, 3, 2, '08:50:00', '09:35:00'),
(23, 1, 3, 3, '09:40:00', '10:25:00'),
(24, 1, 3, 4, '10:55:00', '11:40:00'),
(25, 1, 3, 5, '11:45:00', '12:30:00'),
(26, 1, 3, 6, '12:35:00', '13:20:00'),
(27, 1, 3, 7, '14:20:00', '15:05:00'),
(28, 1, 3, 8, '15:10:00', '15:55:00'),
(29, 1, 3, 9, '16:00:00', '16:45:00'),
(30, 1, 3, 10, '16:50:00', '17:35:00'),
(31, 1, 4, 1, '08:00:00', '08:45:00'),
(32, 1, 4, 2, '08:50:00', '09:35:00'),
(33, 1, 4, 3, '09:40:00', '10:25:00'),
(34, 1, 4, 4, '10:55:00', '11:40:00'),
(35, 1, 4, 5, '11:45:00', '12:30:00'),
(36, 1, 4, 6, '12:35:00', '13:20:00'),
(37, 1, 4, 7, '14:20:00', '15:05:00'),
(38, 1, 4, 8, '15:10:00', '15:55:00'),
(39, 1, 4, 9, '16:00:00', '16:45:00'),
(40, 1, 4, 10, '16:50:00', '17:35:00'),
(41, 1, 5, 1, '08:00:00', '08:45:00'),
(42, 1, 5, 2, '08:50:00', '09:35:00'),
(43, 1, 5, 3, '09:40:00', '10:25:00'),
(44, 1, 5, 4, '10:55:00', '11:40:00'),
(45, 1, 5, 5, '11:45:00', '12:30:00'),
(46, 1, 5, 6, '12:35:00', '13:20:00'),
(47, 1, 5, 7, '14:20:00', '15:05:00'),
(48, 1, 5, 8, '15:10:00', '15:55:00'),
(49, 1, 5, 9, '16:00:00', '16:45:00'),
(50, 1, 5, 10, '16:50:00', '17:35:00');

INSERT INTO Stundenplan_Pausenzeit(ID, Stundenplan_ID, Tag, Beginn, Ende) VALUES
(1, 1, 1, '10:25:00', '10:55:00'),
(2, 1, 1, '13:20:00', '14:20:00'),
(3, 1, 2, '10:25:00', '10:55:00'),
(4, 1, 2, '13:20:00', '14:20:00'),
(5, 1, 3, '10:25:00', '10:55:00'),
(6, 1, 3, '13:20:00', '14:20:00'),
(7, 1, 4, '10:25:00', '10:55:00'),
(8, 1, 4, '13:20:00', '14:20:00'),
(9, 1, 5, '10:25:00', '10:55:00'),
(10, 1, 5, '13:20:00', '14:20:00');

INSERT INTO Stundenplan_Aufsichtsbereiche(ID, Stundenplan_ID, Kuerzel, Beschreibung) VALUES
(1, 1, 'HA', 'Innen: Eingangsbereich'),
(2, 1, 'SP', 'Sporthallen'),
(3, 1, 'EIN', 'Außenbereich vor dem Eingang'),
(4, 1, 'SH1', 'Außenbereich Schulhof 1'),
(5, 1, 'SH2', 'Außenbereich Schulhof 2'),
(6, 1, 'AUS', 'Außenbereich Sportplatz');

INSERT INTO Stundenplan_Pausenaufsichten(ID, Pausenzeit_ID, Wochentyp, Lehrer_ID) VALUES
(1, 1, 0, 28),
(2, 1, 0, 54),
(3, 1, 0, 14),
(4, 1, 0, 79),
(5, 1, 0, 7),
(6, 1, 0, 58),
(7, 1, 0, 11),
(8, 1, 0, 50),
(9, 2, 0, 44),
(10, 2, 0, 71),
(11, 2, 0, 50),
(12, 2, 0, 37),
(13, 2, 0, 32),
(14, 2, 0, 52),
(15, 2, 0, 76),
(16, 2, 0, 54),
(17, 3, 0, 38),
(18, 3, 0, 31),
(19, 3, 0, 37),
(20, 3, 0, 7),
(21, 3, 0, 8),
(22, 3, 0, 18),
(23, 3, 0, 68),
(24, 3, 0, 28),
(25, 4, 0, 21),
(26, 4, 0, 19),
(27, 4, 0, 33),
(28, 4, 0, 20),
(29, 4, 0, 85),
(30, 4, 0, 24),
(31, 4, 0, 34),
(32, 4, 0, 10),
(33, 5, 0, 37),
(34, 5, 0, 68),
(35, 5, 0, 56),
(36, 5, 0, 74),
(37, 5, 0, 31),
(38, 5, 0, 18),
(39, 5, 0, 84),
(40, 5, 0, 20),
(41, 6, 0, 22),
(42, 6, 0, 47),
(43, 6, 0, 85),
(44, 6, 0, 23),
(45, 6, 0, 33),
(46, 6, 0, 8),
(47, 6, 0, 27),
(48, 6, 0, 24),
(49, 7, 0, 38),
(50, 7, 0, 31),
(51, 7, 0, 41),
(52, 7, 0, 25),
(53, 7, 0, 2),
(54, 7, 0, 21),
(55, 7, 0, 12),
(56, 7, 0, 82),
(57, 8, 0, 30),
(58, 8, 0, 76),
(59, 8, 0, 33),
(60, 8, 0, 20),
(61, 8, 0, 1),
(62, 8, 0, 31),
(63, 8, 0, 66),
(64, 8, 0, 63),
(65, 9, 0, 30),
(66, 9, 0, 45),
(67, 9, 0, 52),
(68, 9, 0, 35),
(69, 9, 0, 22),
(70, 9, 0, 3),
(71, 9, 0, 33),
(72, 9, 0, 71),
(73, 10, 0, 83),
(74, 10, 0, 30),
(75, 10, 0, 71),
(77, 10, 0, 78),
(78, 10, 0, 24),
(79, 10, 0, 57),
(80, 10, 0, 42);

INSERT INTO Stundenplan_PausenaufsichtenBereich(ID, Pausenaufsicht_ID, Aufsichtsbereich_ID) VALUES
(1, 1, 1),
(2, 2, 2),
(3, 3, 3),
(4, 4, 4),
(5, 5, 5),
(6, 6, 6),
(7, 7, 2),
(8, 8, 6),
(9, 9, 1),
(10, 10, 2),
(11, 11, 3),
(12, 12, 4),
(13, 13, 5),
(14, 14, 6),
(15, 15, 2),
(16, 16, 6),
(17, 17, 1),
(18, 18, 2),
(19, 19, 3),
(20, 20, 4),
(21, 21, 5),
(22, 22, 6),
(23, 23, 2),
(24, 24, 6),
(25, 25, 1),
(26, 26, 2),
(27, 27, 3),
(28, 28, 4),
(29, 29, 5),
(30, 30, 6),
(31, 31, 2),
(32, 32, 6),
(33, 33, 1),
(34, 34, 2),
(35, 35, 3),
(36, 36, 4),
(37, 37, 5),
(38, 38, 6),
(39, 39, 2),
(40, 40, 6),
(41, 41, 1),
(42, 42, 2),
(43, 43, 3),
(44, 44, 4),
(45, 45, 5),
(46, 46, 6),
(47, 47, 2),
(48, 48, 6),
(49, 49, 1),
(50, 50, 2),
(51, 51, 3),
(52, 52, 4),
(53, 53, 5),
(54, 54, 6),
(55, 55, 2),
(56, 56, 6),
(57, 57, 1),
(58, 58, 2),
(59, 59, 3),
(60, 60, 4),
(61, 61, 5),
(62, 62, 6),
(63, 63, 2),
(64, 64, 6),
(65, 65, 1),
(66, 66, 2),
(67, 67, 3),
(68, 68, 4),
(69, 69, 5),
(70, 70, 6),
(71, 71, 2),
(72, 72, 6),
(73, 73, 1),
(74, 74, 2),
(75, 75, 3),
(76, 75, 4),
(77, 77, 5),
(78, 78, 6),
(79, 79, 2),
(80, 80, 6);



INSERT INTO Stundenplan_Unterricht (ID, Zeitraster_ID, Wochentyp, Klasse_ID, Kurs_ID, Fach_ID) VALUES
(1, 1, 0, NULL, 8715, 192),
(2, 1, 0, NULL, 8854, 192),
(3, 1, 0, NULL, 8783, 192),
(4, 1, 0, NULL, 8716, 192),
(5, 1, 0, NULL, 8855, 192),
(6, 1, 0, NULL, 8784, 192),
(7, 1, 0, NULL, 8717, 192),
(8, 1, 0, NULL, 8856, 192),
(9, 1, 0, NULL, 8785, 192),
(10, 1, 0, NULL, 8811, 192),
(11, 1, 0, NULL, 8747, 192),
(12, 1, 0, NULL, 8812, 192),
(13, 1, 0, NULL, 8748, 192),
(14, 1, 0, NULL, 8718, 224),
(15, 1, 0, NULL, 8857, 224),
(16, 1, 0, NULL, 8786, 224),
(17, 1, 0, NULL, 8719, 8),
(18, 1, 0, NULL, 8858, 8),
(19, 1, 0, NULL, 8787, 8),
(20, 1, 0, NULL, 8720, 8),
(21, 1, 0, NULL, 8859, 8),
(22, 1, 0, NULL, 8813, 8),
(23, 1, 0, NULL, 8749, 8),
(24, 1, 0, NULL, 8672, 16),
(25, 1, 0, NULL, 8818, 16),
(26, 1, 0, NULL, 8753, 16),
(27, 1, 0, NULL, 8673, 16),
(28, 1, 0, NULL, 8819, 16),
(29, 1, 0, NULL, 8754, 16),
(30, 1, 0, NULL, 8674, 16),
(31, 1, 0, NULL, 8820, 16),
(32, 1, 0, NULL, 8755, 16),
(33, 1, 0, NULL, 8675, 16),
(34, 1, 0, NULL, 8821, 16),
(35, 1, 0, NULL, 8756, 16),
(36, 1, 0, NULL, 8676, 16),
(37, 1, 0, NULL, 8798, 16),
(38, 1, 0, NULL, 8734, 16),
(39, 1, 0, NULL, 8799, 16),
(40, 1, 0, NULL, 8735, 16),
(41, 1, 0, NULL, 8681, 17),
(42, 1, 0, NULL, 8826, 17),
(43, 1, 0, NULL, 8761, 17),
(44, 1, 0, NULL, 8682, 17),
(45, 1, 0, NULL, 8827, 17),
(46, 1, 0, NULL, 8762, 17),
(47, 1, 0, NULL, 8683, 17),
(48, 1, 0, NULL, 8828, 17),
(49, 1, 0, NULL, 8763, 17),
(50, 1, 0, NULL, 8684, 17),
(51, 1, 0, NULL, 8685, 17),
(52, 1, 0, NULL, 8800, 17),
(53, 1, 0, NULL, 8736, 17),
(54, 1, 0, NULL, 8801, 17),
(55, 1, 0, NULL, 8737, 17),
(56, 1, 0, NULL, 8802, 17),
(57, 1, 0, NULL, 8692, 24),
(58, 1, 0, NULL, 8834, 24),
(59, 1, 0, NULL, 8768, 24),
(60, 1, 0, NULL, 8693, 24),
(61, 1, 0, NULL, 8835, 24),
(62, 1, 0, NULL, 8694, 24),
(63, 1, 0, NULL, 8804, 24),
(64, 1, 0, NULL, 8739, 24),
(65, 1, 0, NULL, 8805, 24),
(66, 1, 0, NULL, 8707, 27),
(67, 1, 0, NULL, 8845, 27),
(68, 1, 0, NULL, 8777, 27),
(69, 1, 0, NULL, 8708, 27),
(70, 1, 0, NULL, 8846, 27),
(71, 1, 0, NULL, 8677, 30),
(72, 1, 0, NULL, 8822, 30),
(73, 1, 0, NULL, 8757, 30),
(74, 1, 0, NULL, 8695, 37),
(75, 1, 0, NULL, 8836, 37),
(76, 1, 0, NULL, 8769, 37),
(77, 1, 0, NULL, 8696, 37),
(78, 1, 0, NULL, 8837, 37),
(79, 1, 0, NULL, 8770, 37),
(80, 1, 0, NULL, 8697, 37),
(81, 1, 0, NULL, 8806, 37),
(82, 1, 0, NULL, 8740, 37),
(83, 1, 0, NULL, 8741, 37),
(84, 1, 0, NULL, 8729, 37),
(85, 1, 0, NULL, 8730, 37),
(86, 1, 0, NULL, 8698, 225),
(87, 1, 0, NULL, 8838, 225),
(88, 1, 0, NULL, 8771, 225),
(89, 1, 0, NULL, 8724, 193),
(90, 1, 0, NULL, 8862, 193),
(91, 1, 0, NULL, 8790, 193),
(92, 1, 0, NULL, 8815, 193),
(93, 1, 0, NULL, 8751, 193),
(94, 1, 0, NULL, 8709, 70),
(95, 1, 0, NULL, 8847, 70),
(96, 1, 0, NULL, 8778, 70),
(97, 1, 0, NULL, 8848, 70),
(98, 1, 0, NULL, 8687, 71),
(99, 1, 0, NULL, 8829, 71),
(100, 1, 0, NULL, 8764, 71),
(101, 1, 0, NULL, 8688, 71),
(102, 1, 0, NULL, 8830, 71),
(103, 1, 0, NULL, 8765, 71),
(104, 1, 0, NULL, 8689, 71),
(105, 1, 0, NULL, 8831, 71),
(106, 1, 0, NULL, 8766, 71),
(107, 1, 0, NULL, 8803, 71),
(108, 1, 0, NULL, 8738, 71),
(109, 1, 0, NULL, 8686, 72),
(110, 1, 0, NULL, 8833, 244),
(111, 1, 0, NULL, 8710, 79),
(112, 1, 0, NULL, 8849, 79),
(113, 1, 0, NULL, 8779, 79),
(114, 1, 0, NULL, 8711, 79),
(115, 1, 0, NULL, 8850, 79),
(116, 1, 0, NULL, 8780, 79),
(117, 1, 0, NULL, 8712, 79),
(118, 1, 0, NULL, 8851, 79),
(119, 1, 0, NULL, 8781, 79),
(120, 1, 0, NULL, 8713, 79),
(121, 1, 0, NULL, 8852, 79),
(122, 1, 0, NULL, 8782, 79),
(123, 1, 0, NULL, 8714, 79),
(124, 1, 0, NULL, 8853, 79),
(125, 1, 0, NULL, 8809, 79),
(126, 1, 0, NULL, 8745, 79),
(127, 1, 0, NULL, 8810, 79),
(128, 1, 0, NULL, 8746, 79),
(129, 1, 0, NULL, 8690, 81),
(130, 1, 0, NULL, 8832, 81),
(131, 1, 0, NULL, 8767, 81),
(132, 1, 0, NULL, 8691, 81),
(133, 1, 0, NULL, 18039, 27),
(134, 1, 0, NULL, 18052, 27),
(135, 1, 0, NULL, 17216, 30),
(136, 1, 0, NULL, 18048, 30),
(137, 1, 0, NULL, 18040, 30),
(138, 1, 0, NULL, 18044, 193),
(139, 1, 0, NULL, 18041, 70),
(140, 1, 0, NULL, 18050, 70),
(141, 1, 0, NULL, 18043, 72),
(142, 1, 0, NULL, 18047, 191),
(143, 1, 0, NULL, 17218, 191),
(144, 1, 0, NULL, 17217, 144),
(145, 1, 0, NULL, 18046, 165),
(146, 1, 0, NULL, 18042, 191),
(147, 1, 0, NULL, 8705, 26),
(148, 1, 0, NULL, 8843, 26),
(149, 1, 0, NULL, 8775, 26),
(150, 1, 0, NULL, 8706, 26),
(151, 1, 0, NULL, 8844, 26),
(152, 1, 0, NULL, 8776, 26),
(153, 1, 0, NULL, 8807, 26),
(154, 1, 0, NULL, 8743, 26),
(155, 1, 0, NULL, 8808, 26),
(156, 1, 0, NULL, 8744, 26),
(157, 1, 0, NULL, 8721, 128),
(158, 1, 0, NULL, 8860, 128),
(159, 1, 0, NULL, 8788, 128),
(160, 1, 0, NULL, 8722, 128),
(161, 1, 0, NULL, 8861, 128),
(162, 1, 0, NULL, 8789, 128),
(163, 1, 0, NULL, 8723, 128),
(164, 1, 0, NULL, 8814, 128),
(165, 1, 0, NULL, 8750, 128),
(166, 1, 0, NULL, 8795, 233),
(167, 1, 0, NULL, 8797, 237),
(168, 1, 0, NULL, 8796, 236),
(169, 1, 0, NULL, 8702, 127),
(170, 1, 0, NULL, 8841, 127),
(171, 1, 0, NULL, 8774, 127),
(172, 1, 0, NULL, 8703, 127),
(173, 1, 0, NULL, 8842, 127),
(174, 1, 0, NULL, 8704, 127),
(175, 1, 0, NULL, 8679, 165),
(176, 1, 0, NULL, 8824, 165),
(177, 1, 0, NULL, 8759, 165),
(178, 1, 0, NULL, 8678, 223),
(179, 1, 0, NULL, 8823, 223),
(180, 1, 0, NULL, 8758, 223),
(181, 1, 0, NULL, 8680, 223),
(182, 1, 0, NULL, 8825, 223),
(183, 1, 0, NULL, 8760, 223),
(184, 1, 0, NULL, 8725, 172),
(185, 1, 0, NULL, 8863, 172),
(186, 1, 0, NULL, 8791, 172),
(187, 1, 0, NULL, 8726, 172),
(188, 1, 0, NULL, 8864, 172),
(189, 1, 0, NULL, 8792, 172),
(190, 1, 0, NULL, 8727, 172),
(191, 1, 0, NULL, 8865, 172),
(192, 1, 0, NULL, 8793, 172),
(193, 1, 0, NULL, 8728, 172),
(194, 1, 0, NULL, 8866, 172),
(195, 1, 0, NULL, 8794, 172),
(196, 1, 0, NULL, 8816, 172),
(197, 1, 0, NULL, 8752, 172),
(198, 1, 0, NULL, 8817, 172),
(199, 1, 0, NULL, 8699, 164),
(200, 1, 0, NULL, 8839, 164),
(201, 1, 0, NULL, 8772, 164),
(202, 1, 0, NULL, 8700, 164),
(203, 1, 0, NULL, 8840, 164),
(204, 1, 0, NULL, 8773, 164),
(205, 1, 0, NULL, 8701, 164),
(206, 1, 0, NULL, 8742, 164),
(207, 1, 0, NULL, 8731, 164),
(208, 1, 0, NULL, 8732, 164),
(209, 1, 0, NULL, 8733, 164),
(210, 1, 0, NULL, 8669, 210),
(211, 1, 0, NULL, 8670, 212),
(212, 1, 0, NULL, 8671, 213),
(213, 2, 0, NULL, 8715, 192),
(214, 2, 0, NULL, 8854, 192),
(215, 2, 0, NULL, 8783, 192),
(216, 2, 0, NULL, 8716, 192),
(217, 2, 0, NULL, 8855, 192),
(218, 2, 0, NULL, 8784, 192),
(219, 2, 0, NULL, 8717, 192),
(220, 2, 0, NULL, 8856, 192),
(221, 2, 0, NULL, 8785, 192),
(222, 2, 0, NULL, 8811, 192),
(223, 2, 0, NULL, 8747, 192),
(224, 2, 0, NULL, 8812, 192),
(225, 2, 0, NULL, 8748, 192),
(226, 2, 0, NULL, 8718, 224),
(227, 2, 0, NULL, 8857, 224),
(228, 2, 0, NULL, 8786, 224),
(229, 2, 0, NULL, 8719, 8),
(230, 2, 0, NULL, 8858, 8),
(231, 2, 0, NULL, 8787, 8),
(232, 2, 0, NULL, 8720, 8),
(233, 2, 0, NULL, 8859, 8),
(234, 2, 0, NULL, 8813, 8),
(235, 2, 0, NULL, 8749, 8),
(236, 2, 0, NULL, 8672, 16),
(237, 2, 0, NULL, 8818, 16),
(238, 2, 0, NULL, 8753, 16),
(239, 2, 0, NULL, 8673, 16),
(240, 2, 0, NULL, 8819, 16),
(241, 2, 0, NULL, 8754, 16),
(242, 2, 0, NULL, 8674, 16),
(243, 2, 0, NULL, 8820, 16),
(244, 2, 0, NULL, 8755, 16),
(245, 2, 0, NULL, 8675, 16),
(246, 2, 0, NULL, 8821, 16),
(247, 2, 0, NULL, 8756, 16),
(248, 2, 0, NULL, 8676, 16),
(249, 2, 0, NULL, 8798, 16),
(250, 2, 0, NULL, 8734, 16),
(251, 2, 0, NULL, 8799, 16),
(252, 2, 0, NULL, 8735, 16),
(253, 2, 0, NULL, 8681, 17),
(254, 2, 0, NULL, 8826, 17),
(255, 2, 0, NULL, 8761, 17),
(256, 2, 0, NULL, 8682, 17),
(257, 2, 0, NULL, 8827, 17),
(258, 2, 0, NULL, 8762, 17),
(259, 2, 0, NULL, 8683, 17),
(260, 2, 0, NULL, 8828, 17),
(261, 2, 0, NULL, 8763, 17),
(262, 2, 0, NULL, 8684, 17),
(263, 2, 0, NULL, 8685, 17),
(264, 2, 0, NULL, 8800, 17),
(265, 2, 0, NULL, 8736, 17),
(266, 2, 0, NULL, 8801, 17),
(267, 2, 0, NULL, 8737, 17),
(268, 2, 0, NULL, 8802, 17),
(269, 2, 0, NULL, 8692, 24),
(270, 2, 0, NULL, 8834, 24),
(271, 2, 0, NULL, 8768, 24),
(272, 2, 0, NULL, 8693, 24),
(273, 2, 0, NULL, 8835, 24),
(274, 2, 0, NULL, 8694, 24),
(275, 2, 0, NULL, 8804, 24),
(276, 2, 0, NULL, 8739, 24),
(277, 2, 0, NULL, 8805, 24),
(278, 2, 0, NULL, 8707, 27),
(279, 2, 0, NULL, 8845, 27),
(280, 2, 0, NULL, 8777, 27),
(281, 2, 0, NULL, 8708, 27),
(282, 2, 0, NULL, 8846, 27),
(283, 2, 0, NULL, 8677, 30),
(284, 2, 0, NULL, 8822, 30),
(285, 2, 0, NULL, 8757, 30),
(286, 2, 0, NULL, 8695, 37),
(287, 2, 0, NULL, 8836, 37),
(288, 2, 0, NULL, 8769, 37),
(289, 2, 0, NULL, 8696, 37),
(290, 2, 0, NULL, 8837, 37),
(291, 2, 0, NULL, 8770, 37),
(292, 2, 0, NULL, 8697, 37),
(293, 2, 0, NULL, 8806, 37),
(294, 2, 0, NULL, 8740, 37),
(295, 2, 0, NULL, 8741, 37),
(296, 2, 0, NULL, 8729, 37),
(297, 2, 0, NULL, 8730, 37),
(298, 2, 0, NULL, 8698, 225),
(299, 2, 0, NULL, 8838, 225),
(300, 2, 0, NULL, 8771, 225),
(301, 2, 0, NULL, 8724, 193),
(302, 2, 0, NULL, 8862, 193),
(303, 2, 0, NULL, 8790, 193),
(304, 2, 0, NULL, 8815, 193),
(305, 2, 0, NULL, 8751, 193),
(306, 2, 0, NULL, 8709, 70),
(307, 2, 0, NULL, 8847, 70),
(308, 2, 0, NULL, 8778, 70),
(309, 2, 0, NULL, 8848, 70),
(310, 2, 0, NULL, 8687, 71),
(311, 2, 0, NULL, 8829, 71),
(312, 2, 0, NULL, 8764, 71),
(313, 2, 0, NULL, 8688, 71),
(314, 2, 0, NULL, 8830, 71),
(315, 2, 0, NULL, 8765, 71),
(316, 2, 0, NULL, 8689, 71),
(317, 2, 0, NULL, 8831, 71),
(318, 2, 0, NULL, 8766, 71),
(319, 2, 0, NULL, 8803, 71),
(320, 2, 0, NULL, 8738, 71),
(321, 2, 0, NULL, 8686, 72),
(322, 2, 0, NULL, 8833, 244),
(323, 2, 0, NULL, 8710, 79),
(324, 2, 0, NULL, 8849, 79),
(325, 2, 0, NULL, 8779, 79),
(326, 2, 0, NULL, 8711, 79),
(327, 2, 0, NULL, 8850, 79),
(328, 2, 0, NULL, 8780, 79),
(329, 2, 0, NULL, 8712, 79),
(330, 2, 0, NULL, 8851, 79),
(331, 2, 0, NULL, 8781, 79),
(332, 2, 0, NULL, 8713, 79),
(333, 2, 0, NULL, 8852, 79),
(334, 2, 0, NULL, 8782, 79),
(335, 2, 0, NULL, 8714, 79),
(336, 2, 0, NULL, 8853, 79),
(337, 2, 0, NULL, 8809, 79),
(338, 2, 0, NULL, 8745, 79),
(339, 2, 0, NULL, 8810, 79),
(340, 2, 0, NULL, 8746, 79),
(341, 2, 0, NULL, 8690, 81),
(342, 2, 0, NULL, 8832, 81),
(343, 2, 0, NULL, 8767, 81),
(344, 2, 0, NULL, 8691, 81),
(345, 2, 0, NULL, 18039, 27),
(346, 2, 0, NULL, 18052, 27),
(347, 2, 0, NULL, 17216, 30),
(348, 2, 0, NULL, 18048, 30),
(349, 2, 0, NULL, 18040, 30),
(350, 2, 0, NULL, 18044, 193),
(351, 2, 0, NULL, 18041, 70),
(352, 2, 0, NULL, 18050, 70),
(353, 2, 0, NULL, 18043, 72),
(354, 2, 0, NULL, 18047, 191),
(355, 2, 0, NULL, 17218, 191),
(356, 2, 0, NULL, 17217, 144),
(357, 2, 0, NULL, 18046, 165),
(358, 2, 0, NULL, 18042, 191),
(359, 2, 0, NULL, 8705, 26),
(360, 2, 0, NULL, 8843, 26),
(361, 2, 0, NULL, 8775, 26),
(362, 2, 0, NULL, 8706, 26),
(363, 2, 0, NULL, 8844, 26),
(364, 2, 0, NULL, 8776, 26),
(365, 2, 0, NULL, 8807, 26),
(366, 2, 0, NULL, 8743, 26),
(367, 2, 0, NULL, 8808, 26),
(368, 2, 0, NULL, 8744, 26),
(369, 2, 0, NULL, 8721, 128),
(370, 2, 0, NULL, 8860, 128),
(371, 2, 0, NULL, 8788, 128),
(372, 2, 0, NULL, 8722, 128),
(373, 2, 0, NULL, 8861, 128),
(374, 2, 0, NULL, 8789, 128),
(375, 2, 0, NULL, 8723, 128),
(376, 2, 0, NULL, 8814, 128),
(377, 2, 0, NULL, 8750, 128),
(378, 2, 0, NULL, 8795, 233),
(379, 2, 0, NULL, 8797, 237),
(380, 2, 0, NULL, 8796, 236),
(381, 2, 0, NULL, 8702, 127),
(382, 2, 0, NULL, 8841, 127),
(383, 2, 0, NULL, 8774, 127),
(384, 2, 0, NULL, 8703, 127),
(385, 2, 0, NULL, 8842, 127),
(386, 2, 0, NULL, 8704, 127),
(387, 2, 0, NULL, 8679, 165),
(388, 2, 0, NULL, 8824, 165),
(389, 2, 0, NULL, 8759, 165),
(390, 2, 0, NULL, 8678, 223),
(391, 2, 0, NULL, 8823, 223),
(392, 2, 0, NULL, 8758, 223),
(393, 2, 0, NULL, 8680, 223),
(394, 2, 0, NULL, 8825, 223),
(395, 2, 0, NULL, 8760, 223),
(396, 2, 0, NULL, 8725, 172),
(397, 2, 0, NULL, 8863, 172),
(398, 2, 0, NULL, 8791, 172),
(399, 2, 0, NULL, 8726, 172),
(400, 2, 0, NULL, 8864, 172),
(401, 2, 0, NULL, 8792, 172),
(402, 2, 0, NULL, 8727, 172),
(403, 2, 0, NULL, 8865, 172),
(404, 2, 0, NULL, 8793, 172),
(405, 2, 0, NULL, 8728, 172),
(406, 2, 0, NULL, 8866, 172),
(407, 2, 0, NULL, 8794, 172),
(408, 2, 0, NULL, 8816, 172),
(409, 2, 0, NULL, 8752, 172),
(410, 2, 0, NULL, 8817, 172),
(411, 2, 0, NULL, 8699, 164),
(412, 2, 0, NULL, 8839, 164),
(413, 2, 0, NULL, 8772, 164),
(414, 2, 0, NULL, 8700, 164),
(415, 2, 0, NULL, 8840, 164),
(416, 2, 0, NULL, 8773, 164),
(417, 2, 0, NULL, 8701, 164),
(418, 2, 0, NULL, 8742, 164),
(419, 2, 0, NULL, 8731, 164),
(420, 2, 0, NULL, 8732, 164),
(421, 2, 0, NULL, 8733, 164),
(422, 2, 0, NULL, 8669, 210),
(423, 2, 0, NULL, 8670, 212),
(424, 2, 0, NULL, 8671, 213),
(425, 3, 0, NULL, 8715, 192),
(426, 3, 0, NULL, 8854, 192),
(427, 3, 0, NULL, 8783, 192),
(428, 3, 0, NULL, 8716, 192),
(429, 3, 0, NULL, 8855, 192),
(430, 3, 0, NULL, 8784, 192),
(431, 3, 0, NULL, 8717, 192),
(432, 3, 0, NULL, 8856, 192),
(433, 3, 0, NULL, 8785, 192),
(434, 3, 0, NULL, 8811, 192),
(435, 3, 0, NULL, 8747, 192),
(436, 3, 0, NULL, 8812, 192),
(437, 3, 0, NULL, 8748, 192),
(438, 3, 0, NULL, 8718, 224),
(439, 3, 0, NULL, 8857, 224),
(440, 3, 0, NULL, 8786, 224),
(441, 3, 0, NULL, 8719, 8),
(442, 3, 0, NULL, 8858, 8),
(443, 3, 0, NULL, 8787, 8),
(444, 3, 0, NULL, 8720, 8),
(445, 3, 0, NULL, 8859, 8),
(446, 3, 0, NULL, 8813, 8),
(447, 3, 0, NULL, 8749, 8),
(448, 3, 0, NULL, 8672, 16),
(449, 3, 0, NULL, 8818, 16),
(450, 3, 0, NULL, 8753, 16),
(451, 3, 0, NULL, 8673, 16),
(452, 3, 0, NULL, 8819, 16),
(453, 3, 0, NULL, 8754, 16),
(454, 3, 0, NULL, 8674, 16),
(455, 3, 0, NULL, 8820, 16),
(456, 3, 0, NULL, 8755, 16),
(457, 3, 0, NULL, 8675, 16),
(458, 3, 0, NULL, 8821, 16),
(459, 3, 0, NULL, 8756, 16),
(460, 3, 0, NULL, 8676, 16),
(461, 3, 0, NULL, 8798, 16),
(462, 3, 0, NULL, 8734, 16),
(463, 3, 0, NULL, 8799, 16),
(464, 3, 0, NULL, 8735, 16),
(465, 3, 0, NULL, 8681, 17),
(466, 3, 0, NULL, 8826, 17),
(467, 3, 0, NULL, 8761, 17),
(468, 3, 0, NULL, 8682, 17),
(469, 3, 0, NULL, 8827, 17),
(470, 3, 0, NULL, 8762, 17),
(471, 3, 0, NULL, 8683, 17),
(472, 3, 0, NULL, 8828, 17),
(473, 3, 0, NULL, 8763, 17),
(474, 3, 0, NULL, 8684, 17),
(475, 3, 0, NULL, 8685, 17),
(476, 3, 0, NULL, 8800, 17),
(477, 3, 0, NULL, 8736, 17),
(478, 3, 0, NULL, 8801, 17),
(479, 3, 0, NULL, 8737, 17),
(480, 3, 0, NULL, 8802, 17),
(481, 3, 0, NULL, 8692, 24),
(482, 3, 0, NULL, 8834, 24),
(483, 3, 0, NULL, 8768, 24),
(484, 3, 0, NULL, 8693, 24),
(485, 3, 0, NULL, 8835, 24),
(486, 3, 0, NULL, 8694, 24),
(487, 3, 0, NULL, 8804, 24),
(488, 3, 0, NULL, 8739, 24),
(489, 3, 0, NULL, 8805, 24),
(490, 3, 0, NULL, 8707, 27),
(491, 3, 0, NULL, 8845, 27),
(492, 3, 0, NULL, 8777, 27),
(493, 3, 0, NULL, 8708, 27),
(494, 3, 0, NULL, 8846, 27),
(495, 3, 0, NULL, 8677, 30),
(496, 3, 0, NULL, 8822, 30),
(497, 3, 0, NULL, 8757, 30),
(498, 3, 0, NULL, 8695, 37),
(499, 3, 0, NULL, 8836, 37),
(500, 3, 0, NULL, 8769, 37),
(501, 3, 0, NULL, 8696, 37),
(502, 3, 0, NULL, 8837, 37),
(503, 3, 0, NULL, 8770, 37),
(504, 3, 0, NULL, 8697, 37),
(505, 3, 0, NULL, 8806, 37),
(506, 3, 0, NULL, 8740, 37),
(507, 3, 0, NULL, 8741, 37),
(508, 3, 0, NULL, 8729, 37),
(509, 3, 0, NULL, 8730, 37),
(510, 3, 0, NULL, 8698, 225),
(511, 3, 0, NULL, 8838, 225),
(512, 3, 0, NULL, 8771, 225),
(513, 3, 0, NULL, 8724, 193),
(514, 3, 0, NULL, 8862, 193),
(515, 3, 0, NULL, 8790, 193),
(516, 3, 0, NULL, 8815, 193),
(517, 3, 0, NULL, 8751, 193),
(518, 3, 0, NULL, 8709, 70),
(519, 3, 0, NULL, 8847, 70),
(520, 3, 0, NULL, 8778, 70),
(521, 3, 0, NULL, 8848, 70),
(522, 3, 0, NULL, 8687, 71),
(523, 3, 0, NULL, 8829, 71),
(524, 3, 0, NULL, 8764, 71),
(525, 3, 0, NULL, 8688, 71),
(526, 3, 0, NULL, 8830, 71),
(527, 3, 0, NULL, 8765, 71),
(528, 3, 0, NULL, 8689, 71),
(529, 3, 0, NULL, 8831, 71),
(530, 3, 0, NULL, 8766, 71),
(531, 3, 0, NULL, 8803, 71),
(532, 3, 0, NULL, 8738, 71),
(533, 3, 0, NULL, 8686, 72),
(534, 3, 0, NULL, 8833, 244),
(535, 3, 0, NULL, 8710, 79),
(536, 3, 0, NULL, 8849, 79),
(537, 3, 0, NULL, 8779, 79),
(538, 3, 0, NULL, 8711, 79),
(539, 3, 0, NULL, 8850, 79),
(540, 3, 0, NULL, 8780, 79),
(541, 3, 0, NULL, 8712, 79),
(542, 3, 0, NULL, 8851, 79),
(543, 3, 0, NULL, 8781, 79),
(544, 3, 0, NULL, 8713, 79),
(545, 3, 0, NULL, 8852, 79),
(546, 3, 0, NULL, 8782, 79),
(547, 3, 0, NULL, 8714, 79),
(548, 3, 0, NULL, 8853, 79),
(549, 3, 0, NULL, 8809, 79),
(550, 3, 0, NULL, 8745, 79),
(551, 3, 0, NULL, 8810, 79),
(552, 3, 0, NULL, 8746, 79),
(553, 3, 0, NULL, 8690, 81),
(554, 3, 0, NULL, 8832, 81),
(555, 3, 0, NULL, 8767, 81),
(556, 3, 0, NULL, 8691, 81),
(557, 3, 0, NULL, 17216, 30),
(558, 3, 0, NULL, 18048, 30),
(559, 3, 0, NULL, 18040, 30),
(560, 3, 0, NULL, 18044, 193),
(561, 3, 0, NULL, 18043, 72),
(562, 3, 0, NULL, 18047, 191),
(563, 3, 0, NULL, 17218, 191),
(564, 3, 0, NULL, 18046, 165),
(565, 3, 0, NULL, 18042, 191),
(566, 3, 0, NULL, 8705, 26),
(567, 3, 0, NULL, 8843, 26),
(568, 3, 0, NULL, 8775, 26),
(569, 3, 0, NULL, 8706, 26),
(570, 3, 0, NULL, 8844, 26),
(571, 3, 0, NULL, 8776, 26),
(572, 3, 0, NULL, 8807, 26),
(573, 3, 0, NULL, 8743, 26),
(574, 3, 0, NULL, 8808, 26),
(575, 3, 0, NULL, 8744, 26),
(576, 3, 0, NULL, 8721, 128),
(577, 3, 0, NULL, 8860, 128),
(578, 3, 0, NULL, 8788, 128),
(579, 3, 0, NULL, 8722, 128),
(580, 3, 0, NULL, 8861, 128),
(581, 3, 0, NULL, 8789, 128),
(582, 3, 0, NULL, 8723, 128),
(583, 3, 0, NULL, 8814, 128),
(584, 3, 0, NULL, 8750, 128),
(585, 3, 0, NULL, 8702, 127),
(586, 3, 0, NULL, 8841, 127),
(587, 3, 0, NULL, 8774, 127),
(588, 3, 0, NULL, 8703, 127),
(589, 3, 0, NULL, 8842, 127),
(590, 3, 0, NULL, 8704, 127),
(591, 3, 0, NULL, 8679, 165),
(592, 3, 0, NULL, 8824, 165),
(593, 3, 0, NULL, 8759, 165),
(594, 3, 0, NULL, 8678, 223),
(595, 3, 0, NULL, 8823, 223),
(596, 3, 0, NULL, 8758, 223),
(597, 3, 0, NULL, 8680, 223),
(598, 3, 0, NULL, 8825, 223),
(599, 3, 0, NULL, 8760, 223),
(600, 3, 0, NULL, 8725, 172),
(601, 3, 0, NULL, 8863, 172),
(602, 3, 0, NULL, 8791, 172),
(603, 3, 0, NULL, 8726, 172),
(604, 3, 0, NULL, 8864, 172),
(605, 3, 0, NULL, 8792, 172),
(606, 3, 0, NULL, 8727, 172),
(607, 3, 0, NULL, 8865, 172),
(608, 3, 0, NULL, 8793, 172),
(609, 3, 0, NULL, 8728, 172),
(610, 3, 0, NULL, 8866, 172),
(611, 3, 0, NULL, 8794, 172),
(612, 3, 0, NULL, 8816, 172),
(613, 3, 0, NULL, 8752, 172),
(614, 3, 0, NULL, 8817, 172),
(615, 3, 0, NULL, 8699, 164),
(616, 3, 0, NULL, 8839, 164),
(617, 3, 0, NULL, 8772, 164),
(618, 3, 0, NULL, 8700, 164),
(619, 3, 0, NULL, 8840, 164),
(620, 3, 0, NULL, 8773, 164),
(621, 3, 0, NULL, 8701, 164),
(622, 3, 0, NULL, 8742, 164),
(623, 3, 0, NULL, 8731, 164),
(624, 3, 0, NULL, 8732, 164),
(625, 3, 0, NULL, 8733, 164),
(626, 4, 0, NULL, 8811, 192),
(627, 4, 0, NULL, 8747, 192),
(628, 4, 0, NULL, 8812, 192),
(629, 4, 0, NULL, 8748, 192),
(630, 4, 0, NULL, 8813, 8),
(631, 4, 0, NULL, 8749, 8),
(632, 4, 0, NULL, 8798, 16),
(633, 4, 0, NULL, 8734, 16),
(634, 4, 0, NULL, 8799, 16),
(635, 4, 0, NULL, 8735, 16),
(636, 4, 0, NULL, 8800, 17),
(637, 4, 0, NULL, 8736, 17),
(638, 4, 0, NULL, 8801, 17),
(639, 4, 0, NULL, 8737, 17),
(640, 4, 0, NULL, 8802, 17),
(641, 4, 0, NULL, 8804, 24),
(642, 4, 0, NULL, 8739, 24),
(643, 4, 0, NULL, 8805, 24),
(644, 4, 0, NULL, 8806, 37),
(645, 4, 0, NULL, 8740, 37),
(646, 4, 0, NULL, 8741, 37),
(647, 4, 0, NULL, 8815, 193),
(648, 4, 0, NULL, 8751, 193),
(649, 4, 0, NULL, 8803, 71),
(650, 4, 0, NULL, 8738, 71),
(651, 4, 0, NULL, 8809, 79),
(652, 4, 0, NULL, 8745, 79),
(653, 4, 0, NULL, 8810, 79),
(654, 4, 0, NULL, 8746, 79),
(655, 4, 0, NULL, 8807, 26),
(656, 4, 0, NULL, 8743, 26),
(657, 4, 0, NULL, 8808, 26),
(658, 4, 0, NULL, 8744, 26),
(659, 4, 0, NULL, 8814, 128),
(660, 4, 0, NULL, 8750, 128),
(661, 4, 0, NULL, 8678, 223),
(662, 4, 0, NULL, 8823, 223),
(663, 4, 0, NULL, 8758, 223),
(664, 4, 0, NULL, 8680, 223),
(665, 4, 0, NULL, 8825, 223),
(666, 4, 0, NULL, 8760, 223),
(667, 4, 0, NULL, 8816, 172),
(668, 4, 0, NULL, 8752, 172),
(669, 4, 0, NULL, 8817, 172),
(670, 4, 0, NULL, 8742, 164),
(671, 5, 0, NULL, 8811, 192),
(672, 5, 0, NULL, 8747, 192),
(673, 5, 0, NULL, 8812, 192),
(674, 5, 0, NULL, 8748, 192),
(675, 5, 0, NULL, 8813, 8),
(676, 5, 0, NULL, 8749, 8),
(677, 5, 0, NULL, 8798, 16),
(678, 5, 0, NULL, 8734, 16),
(679, 5, 0, NULL, 8799, 16),
(680, 5, 0, NULL, 8735, 16),
(681, 5, 0, NULL, 8800, 17),
(682, 5, 0, NULL, 8736, 17),
(683, 5, 0, NULL, 8801, 17),
(684, 5, 0, NULL, 8737, 17),
(685, 5, 0, NULL, 8802, 17),
(686, 5, 0, NULL, 8804, 24),
(687, 5, 0, NULL, 8739, 24),
(688, 5, 0, NULL, 8805, 24),
(689, 5, 0, NULL, 8806, 37),
(690, 5, 0, NULL, 8740, 37),
(691, 5, 0, NULL, 8741, 37),
(692, 5, 0, NULL, 8815, 193),
(693, 5, 0, NULL, 8751, 193),
(694, 5, 0, NULL, 8803, 71),
(695, 5, 0, NULL, 8738, 71),
(696, 5, 0, NULL, 8809, 79),
(697, 5, 0, NULL, 8745, 79),
(698, 5, 0, NULL, 8810, 79),
(699, 5, 0, NULL, 8746, 79),
(700, 5, 0, NULL, 8807, 26),
(701, 5, 0, NULL, 8743, 26),
(702, 5, 0, NULL, 8808, 26),
(703, 5, 0, NULL, 8744, 26),
(704, 5, 0, NULL, 8814, 128),
(705, 5, 0, NULL, 8750, 128),
(706, 5, 0, NULL, 8816, 172),
(707, 5, 0, NULL, 8752, 172),
(708, 5, 0, NULL, 8817, 172),
(709, 5, 0, NULL, 8742, 164),
(710, 11, 0, 12, NULL, 16),
(711, 11, 0, 13, NULL, 8),
(712, 11, 0, 13, NULL, 16),
(713, 11, 0, 13, NULL, 17),
(714, 11, 0, 13, NULL, 24),
(715, 11, 0, 13, NULL, 37),
(716, 11, 0, 13, NULL, 71),
(717, 11, 0, 13, NULL, 79),
(718, 11, 0, 13, NULL, 81),
(719, 11, 0, 13, NULL, 128),
(720, 11, 0, 13, NULL, 129),
(721, 11, 0, 13, NULL, 172),
(722, 11, 0, 14, NULL, 8),
(723, 11, 0, 14, NULL, 16),
(724, 11, 0, 14, NULL, 17),
(725, 11, 0, 14, NULL, 24),
(726, 11, 0, 14, NULL, 37),
(727, 11, 0, 14, NULL, 71),
(728, 11, 0, 14, NULL, 79),
(729, 11, 0, 14, NULL, 81),
(730, 11, 0, 14, NULL, 128),
(731, 11, 0, 14, NULL, 129),
(732, 11, 0, 14, NULL, 172),
(733, 11, 0, 15, NULL, 8),
(734, 11, 0, 15, NULL, 16),
(735, 11, 0, 15, NULL, 17),
(736, 11, 0, 15, NULL, 24),
(737, 11, 0, 15, NULL, 37),
(738, 11, 0, 15, NULL, 71),
(739, 11, 0, 15, NULL, 79),
(740, 11, 0, 15, NULL, 81),
(741, 11, 0, 15, NULL, 128),
(742, 11, 0, 15, NULL, 129),
(743, 11, 0, 15, NULL, 172),
(744, 11, 0, 41, NULL, 8),
(745, 11, 0, 41, NULL, 16),
(746, 11, 0, 41, NULL, 17),
(747, 11, 0, 41, NULL, 71),
(748, 11, 0, 41, NULL, 79),
(749, 11, 0, 41, NULL, 81),
(750, 11, 0, 41, NULL, 128),
(751, 11, 0, 41, NULL, 129),
(752, 11, 0, 41, NULL, 172),
(753, 11, 0, 41, NULL, 225),
(754, 11, 0, 41, NULL, 228),
(755, 12, 0, 12, NULL, 16),
(756, 12, 0, 13, NULL, 8),
(757, 12, 0, 13, NULL, 16),
(758, 12, 0, 13, NULL, 17),
(759, 12, 0, 13, NULL, 24),
(760, 12, 0, 13, NULL, 37),
(761, 12, 0, 13, NULL, 71),
(762, 12, 0, 13, NULL, 79),
(763, 12, 0, 13, NULL, 81),
(764, 12, 0, 13, NULL, 128),
(765, 12, 0, 13, NULL, 129),
(766, 12, 0, 13, NULL, 172),
(767, 12, 0, 14, NULL, 8),
(768, 12, 0, 14, NULL, 16),
(769, 12, 0, 14, NULL, 17),
(770, 12, 0, 14, NULL, 24),
(771, 12, 0, 14, NULL, 37),
(772, 12, 0, 14, NULL, 71),
(773, 12, 0, 14, NULL, 79),
(774, 12, 0, 14, NULL, 81),
(775, 12, 0, 14, NULL, 128),
(776, 12, 0, 14, NULL, 129),
(777, 12, 0, 14, NULL, 172),
(778, 12, 0, 15, NULL, 8),
(779, 12, 0, 15, NULL, 16),
(780, 12, 0, 15, NULL, 17),
(781, 12, 0, 15, NULL, 24),
(782, 12, 0, 15, NULL, 37),
(783, 12, 0, 15, NULL, 71),
(784, 12, 0, 15, NULL, 79),
(785, 12, 0, 15, NULL, 81),
(786, 12, 0, 15, NULL, 128),
(787, 12, 0, 15, NULL, 129),
(788, 12, 0, 15, NULL, 172),
(789, 12, 0, 41, NULL, 8),
(790, 12, 0, 41, NULL, 16),
(791, 12, 0, 41, NULL, 17),
(792, 12, 0, 41, NULL, 71),
(793, 12, 0, 41, NULL, 79),
(794, 12, 0, 41, NULL, 81),
(795, 12, 0, 41, NULL, 128),
(796, 12, 0, 41, NULL, 129),
(797, 12, 0, 41, NULL, 172),
(798, 12, 0, 41, NULL, 225),
(799, 12, 0, 41, NULL, 228),
(800, 13, 0, 12, NULL, 16),
(801, 13, 0, 13, NULL, 16),
(802, 13, 0, 13, NULL, 17),
(803, 13, 0, 13, NULL, 79),
(804, 13, 0, 13, NULL, 172),
(805, 13, 0, 14, NULL, 16),
(806, 13, 0, 14, NULL, 17),
(807, 13, 0, 14, NULL, 79),
(808, 13, 0, 14, NULL, 172),
(809, 13, 0, 15, NULL, 16),
(810, 13, 0, 15, NULL, 17),
(811, 13, 0, 15, NULL, 79),
(812, 13, 0, 15, NULL, 172),
(813, 13, 0, 41, NULL, 16),
(814, 13, 0, 41, NULL, 17),
(815, 13, 0, 41, NULL, 79),
(816, 13, 0, 41, NULL, 172),
(817, 14, 0, 12, NULL, 16);


INSERT INTO Stundenplan_UnterrichtLehrer(ID, Unterricht_ID, Lehrer_ID) VALUES
(1, 1, 77),
(2, 2, 77),
(3, 3, 71),
(4, 4, 77),
(5, 5, 23),
(6, 6, 16),
(7, 7, 13),
(8, 8, 77),
(9, 9, 16),
(10, 10, 23),
(11, 11, 59),
(12, 12, 39),
(13, 13, 39),
(14, 14, 69),
(15, 15, 69),
(16, 16, 59),
(17, 17, 13),
(18, 18, 40),
(19, 19, 71),
(20, 20, 13),
(21, 21, 71),
(22, 22, 40),
(23, 23, 39),
(24, 24, 56),
(25, 25, 5),
(26, 26, 5),
(27, 27, 21),
(28, 28, 61),
(29, 29, 63),
(30, 30, 42),
(31, 31, 5),
(32, 32, 85),
(33, 33, 32),
(34, 34, 61),
(35, 35, 5),
(36, 36, 26),
(37, 37, 47),
(38, 38, 56),
(39, 39, 56),
(40, 40, 79),
(41, 41, 75),
(42, 42, 33),
(43, 43, 85),
(44, 44, 36),
(45, 45, 30),
(46, 46, 33),
(47, 47, 10),
(48, 48, 30),
(49, 49, 45),
(50, 50, 45),
(51, 51, 75),
(52, 52, 34),
(53, 53, 74),
(54, 54, 85),
(55, 55, 53),
(56, 56, 39),
(57, 57, 23),
(58, 58, 72),
(59, 59, 23),
(60, 60, 72),
(61, 61, 23),
(62, 62, 72),
(63, 63, 74),
(64, 64, 72),
(65, 65, 39),
(66, 66, 31),
(67, 67, 31),
(68, 68, 46),
(69, 69, 46),
(70, 70, 47),
(71, 71, 26),
(72, 72, 68),
(73, 73, 68),
(74, 74, 52),
(75, 75, 56),
(76, 76, 33),
(77, 77, 22),
(78, 78, 33),
(79, 79, 82),
(80, 80, 56),
(81, 81, 82),
(82, 82, 68),
(83, 83, 39),
(84, 84, 36),
(85, 85, 56),
(86, 86, 53),
(87, 87, 34),
(88, 88, 53),
(89, 89, 67),
(90, 90, 37),
(91, 91, 67),
(92, 92, 39),
(93, 93, 39),
(94, 94, 22),
(95, 95, 8),
(96, 96, 63),
(97, 97, 57),
(98, 98, 69),
(99, 99, 38),
(100, 100, 55),
(101, 101, 69),
(102, 102, 55),
(103, 103, 73),
(104, 104, 73),
(105, 105, 38),
(106, 106, 73),
(107, 107, 39),
(108, 108, 73),
(109, 109, 51),
(110, 110, 58),
(111, 111, 84),
(112, 112, 84),
(113, 113, 35),
(114, 114, 67),
(115, 115, 57),
(116, 116, 35),
(117, 117, 76),
(118, 118, 17),
(119, 119, 37),
(120, 120, 8),
(121, 121, 84),
(122, 122, 8),
(123, 123, 84),
(124, 124, 8),
(125, 125, 76),
(126, 126, 17),
(127, 127, 81),
(128, 128, 57),
(129, 129, 83),
(130, 130, 83),
(131, 131, 83),
(132, 132, 70),
(133, 133, 26),
(134, 134, 31),
(135, 135, 62),
(136, 136, 68),
(137, 137, 55),
(138, 138, 76),
(139, 139, 5),
(140, 140, 8),
(141, 141, 51),
(142, 142, 40),
(143, 143, 18),
(144, 144, 58),
(145, 145, 25),
(146, 146, 16),
(147, 147, 21),
(148, 148, 15),
(149, 149, 6),
(150, 150, 15),
(151, 151, 15),
(152, 152, 38),
(153, 153, 38),
(154, 154, 6),
(155, 155, 39),
(156, 156, 39),
(157, 157, 1),
(158, 158, 81),
(159, 159, 81),
(160, 160, 1),
(161, 161, 1),
(162, 162, 81),
(163, 163, 19),
(164, 164, 1),
(165, 165, 1),
(166, 166, 78),
(167, 167, 77),
(168, 168, 25),
(169, 169, 9),
(170, 170, 79),
(171, 171, 58),
(172, 172, 58),
(173, 173, 9),
(174, 174, 86),
(175, 175, 20),
(176, 176, 86),
(177, 177, 25),
(178, 178, 10),
(179, 179, 25),
(180, 180, 49),
(181, 181, 12),
(182, 182, 49),
(183, 183, 54),
(184, 184, 15),
(185, 185, 62),
(186, 186, 72),
(187, 187, 20),
(188, 188, 62),
(189, 189, 62),
(190, 190, 29),
(191, 191, 15),
(192, 192, 84),
(193, 193, 45),
(194, 194, 18),
(195, 195, 15),
(196, 196, 29),
(197, 197, 39),
(198, 198, 39),
(199, 199, 86),
(200, 200, 49),
(201, 201, 9),
(202, 202, 49),
(203, 203, 9),
(204, 204, 54),
(205, 205, 49),
(206, 206, 9),
(207, 207, 49),
(208, 208, 9),
(209, 209, 49),
(210, 210, 26),
(211, 211, 65),
(212, 212, 8),
(213, 213, 77),
(214, 214, 77),
(215, 215, 71),
(216, 216, 77),
(217, 217, 23),
(218, 218, 16),
(219, 219, 13),
(220, 220, 77),
(221, 221, 16),
(222, 222, 23),
(223, 223, 59),
(224, 224, 39),
(225, 225, 39),
(226, 226, 69),
(227, 227, 69),
(228, 228, 59),
(229, 229, 13),
(230, 230, 40),
(231, 231, 71),
(232, 232, 13),
(233, 233, 71),
(234, 234, 40),
(235, 235, 39),
(236, 236, 56),
(237, 237, 5),
(238, 238, 5),
(239, 239, 21),
(240, 240, 61),
(241, 241, 63),
(242, 242, 42),
(243, 243, 5),
(244, 244, 85),
(245, 245, 32),
(246, 246, 61),
(247, 247, 5),
(248, 248, 26),
(249, 249, 47),
(250, 250, 56),
(251, 251, 56),
(252, 252, 79),
(253, 253, 75),
(254, 254, 33),
(255, 255, 85),
(256, 256, 36),
(257, 257, 30),
(258, 258, 33),
(259, 259, 10),
(260, 260, 30),
(261, 261, 45),
(262, 262, 45),
(263, 263, 75),
(264, 264, 34),
(265, 265, 74),
(266, 266, 85),
(267, 267, 53),
(268, 268, 39),
(269, 269, 23),
(270, 270, 72),
(271, 271, 23),
(272, 272, 72),
(273, 273, 23),
(274, 274, 72),
(275, 275, 74),
(276, 276, 72),
(277, 277, 39),
(278, 278, 31),
(279, 279, 31),
(280, 280, 46),
(281, 281, 46),
(282, 282, 47),
(283, 283, 26),
(284, 284, 68),
(285, 285, 68),
(286, 286, 52),
(287, 287, 56),
(288, 288, 33),
(289, 289, 22),
(290, 290, 33),
(291, 291, 82),
(292, 292, 56),
(293, 293, 82),
(294, 294, 68),
(295, 295, 39),
(296, 296, 36),
(297, 297, 56),
(298, 298, 53),
(299, 299, 34),
(300, 300, 53),
(301, 301, 67),
(302, 302, 37),
(303, 303, 67),
(304, 304, 39),
(305, 305, 39),
(306, 306, 22),
(307, 307, 8),
(308, 308, 63),
(309, 309, 57),
(310, 310, 69),
(311, 311, 38),
(312, 312, 55),
(313, 313, 69),
(314, 314, 55),
(315, 315, 73),
(316, 316, 73),
(317, 317, 38),
(318, 318, 73),
(319, 319, 39),
(320, 320, 73),
(321, 321, 51),
(322, 322, 58),
(323, 323, 84),
(324, 324, 84),
(325, 325, 35),
(326, 326, 67),
(327, 327, 57),
(328, 328, 35),
(329, 329, 76),
(330, 330, 17),
(331, 331, 37),
(332, 332, 8),
(333, 333, 84),
(334, 334, 8),
(335, 335, 84),
(336, 336, 8),
(337, 337, 76),
(338, 338, 17),
(339, 339, 81),
(340, 340, 57),
(341, 341, 83),
(342, 342, 83),
(343, 343, 83),
(344, 344, 70),
(345, 345, 26),
(346, 346, 31),
(347, 347, 62),
(348, 348, 68),
(349, 349, 55),
(350, 350, 76),
(351, 351, 5),
(352, 352, 8),
(353, 353, 51),
(354, 354, 40),
(355, 355, 18),
(356, 356, 58),
(357, 357, 25),
(358, 358, 16),
(359, 359, 21),
(360, 360, 15),
(361, 361, 6),
(362, 362, 15),
(363, 363, 15),
(364, 364, 38),
(365, 365, 38),
(366, 366, 6),
(367, 367, 39),
(368, 368, 39),
(369, 369, 1),
(370, 370, 81),
(371, 371, 81),
(372, 372, 1),
(373, 373, 1),
(374, 374, 81),
(375, 375, 19),
(376, 376, 1),
(377, 377, 1),
(378, 378, 78),
(379, 379, 77),
(380, 380, 25),
(381, 381, 9),
(382, 382, 79),
(383, 383, 58),
(384, 384, 58),
(385, 385, 9),
(386, 386, 86),
(387, 387, 20),
(388, 388, 86),
(389, 389, 25),
(390, 390, 10),
(391, 391, 25),
(392, 392, 49),
(393, 393, 12),
(394, 394, 49),
(395, 395, 54),
(396, 396, 15),
(397, 397, 62),
(398, 398, 72),
(399, 399, 20),
(400, 400, 62),
(401, 401, 62),
(402, 402, 29),
(403, 403, 15),
(404, 404, 84),
(405, 405, 45),
(406, 406, 18),
(407, 407, 15),
(408, 408, 29),
(409, 409, 39),
(410, 410, 39),
(411, 411, 86),
(412, 412, 49),
(413, 413, 9),
(414, 414, 49),
(415, 415, 9),
(416, 416, 54),
(417, 417, 49),
(418, 418, 9),
(419, 419, 49),
(420, 420, 9),
(421, 421, 49),
(422, 422, 26),
(423, 423, 65),
(424, 424, 8),
(425, 425, 77),
(426, 426, 77),
(427, 427, 71),
(428, 428, 77),
(429, 429, 23),
(430, 430, 16),
(431, 431, 13),
(432, 432, 77),
(433, 433, 16),
(434, 434, 23),
(435, 435, 59),
(436, 436, 39),
(437, 437, 39),
(438, 438, 69),
(439, 439, 69),
(440, 440, 59),
(441, 441, 13),
(442, 442, 40),
(443, 443, 71),
(444, 444, 13),
(445, 445, 71),
(446, 446, 40),
(447, 447, 39),
(448, 448, 56),
(449, 449, 5),
(450, 450, 5),
(451, 451, 21),
(452, 452, 61),
(453, 453, 63),
(454, 454, 42),
(455, 455, 5),
(456, 456, 85),
(457, 457, 32),
(458, 458, 61),
(459, 459, 5),
(460, 460, 26),
(461, 461, 47),
(462, 462, 56),
(463, 463, 56),
(464, 464, 79),
(465, 465, 75),
(466, 466, 33),
(467, 467, 85),
(468, 468, 36),
(469, 469, 30),
(470, 470, 33),
(471, 471, 10),
(472, 472, 30),
(473, 473, 45),
(474, 474, 45),
(475, 475, 75),
(476, 476, 34),
(477, 477, 74),
(478, 478, 85),
(479, 479, 53),
(480, 480, 39),
(481, 481, 23),
(482, 482, 72),
(483, 483, 23),
(484, 484, 72),
(485, 485, 23),
(486, 486, 72),
(487, 487, 74),
(488, 488, 72),
(489, 489, 39),
(490, 490, 31),
(491, 491, 31),
(492, 492, 46),
(493, 493, 46),
(494, 494, 47),
(495, 495, 26),
(496, 496, 68),
(497, 497, 68),
(498, 498, 52),
(499, 499, 56),
(500, 500, 33),
(501, 501, 22),
(502, 502, 33),
(503, 503, 82),
(504, 504, 56),
(505, 505, 82),
(506, 506, 68),
(507, 507, 39),
(508, 508, 36),
(509, 509, 56),
(510, 510, 53),
(511, 511, 34),
(512, 512, 53),
(513, 513, 67),
(514, 514, 37),
(515, 515, 67),
(516, 516, 39),
(517, 517, 39),
(518, 518, 22),
(519, 519, 8),
(520, 520, 63),
(521, 521, 57),
(522, 522, 69),
(523, 523, 38),
(524, 524, 55),
(525, 525, 69),
(526, 526, 55),
(527, 527, 73),
(528, 528, 73),
(529, 529, 38),
(530, 530, 73),
(531, 531, 39),
(532, 532, 73),
(533, 533, 51),
(534, 534, 58),
(535, 535, 84),
(536, 536, 84),
(537, 537, 35),
(538, 538, 67),
(539, 539, 57),
(540, 540, 35),
(541, 541, 76),
(542, 542, 17),
(543, 543, 37),
(544, 544, 8),
(545, 545, 84),
(546, 546, 8),
(547, 547, 84),
(548, 548, 8),
(549, 549, 76),
(550, 550, 17),
(551, 551, 81),
(552, 552, 57),
(553, 553, 83),
(554, 554, 83),
(555, 555, 83),
(556, 556, 70),
(557, 557, 62),
(558, 558, 68),
(559, 559, 55),
(560, 560, 76),
(561, 561, 51),
(562, 562, 40),
(563, 563, 18),
(564, 564, 25),
(565, 565, 16),
(566, 566, 21),
(567, 567, 15),
(568, 568, 6),
(569, 569, 15),
(570, 570, 15),
(571, 571, 38),
(572, 572, 38),
(573, 573, 6),
(574, 574, 39),
(575, 575, 39),
(576, 576, 1),
(577, 577, 81),
(578, 578, 81),
(579, 579, 1),
(580, 580, 1),
(581, 581, 81),
(582, 582, 19),
(583, 583, 1),
(584, 584, 1),
(585, 585, 9),
(586, 586, 79),
(587, 587, 58),
(588, 588, 58),
(589, 589, 9),
(590, 590, 86),
(591, 591, 20),
(592, 592, 86),
(593, 593, 25),
(594, 594, 10),
(595, 595, 25),
(596, 596, 49),
(597, 597, 12),
(598, 598, 49),
(599, 599, 54),
(600, 600, 15),
(601, 601, 62),
(602, 602, 72),
(603, 603, 20),
(604, 604, 62),
(605, 605, 62),
(606, 606, 29),
(607, 607, 15),
(608, 608, 84),
(609, 609, 45),
(610, 610, 18),
(611, 611, 15),
(612, 612, 29),
(613, 613, 39),
(614, 614, 39),
(615, 615, 86),
(616, 616, 49),
(617, 617, 9),
(618, 618, 49),
(619, 619, 9),
(620, 620, 54),
(621, 621, 49),
(622, 622, 9),
(623, 623, 49),
(624, 624, 9),
(625, 625, 49),
(626, 626, 23),
(627, 627, 59),
(628, 628, 39),
(629, 629, 39),
(630, 630, 40),
(631, 631, 39),
(632, 632, 47),
(633, 633, 56),
(634, 634, 56),
(635, 635, 79),
(636, 636, 34),
(637, 637, 74),
(638, 638, 85),
(639, 639, 53),
(640, 640, 39),
(641, 641, 74),
(642, 642, 72),
(643, 643, 39),
(644, 644, 82),
(645, 645, 68),
(646, 646, 39),
(647, 647, 39),
(648, 648, 39),
(649, 649, 39),
(650, 650, 73),
(651, 651, 76),
(652, 652, 17),
(653, 653, 81),
(654, 654, 57),
(655, 655, 38),
(656, 656, 6),
(657, 657, 39),
(658, 658, 39),
(659, 659, 1),
(660, 660, 1),
(661, 661, 10),
(662, 662, 25),
(663, 663, 49),
(664, 664, 12),
(665, 665, 49),
(666, 666, 54),
(667, 667, 29),
(668, 668, 39),
(669, 669, 39),
(670, 670, 9),
(671, 671, 23),
(672, 672, 59),
(673, 673, 39),
(674, 674, 39),
(675, 675, 40),
(676, 676, 39),
(677, 677, 47),
(678, 678, 56),
(679, 679, 56),
(680, 680, 79),
(681, 681, 34),
(682, 682, 74),
(683, 683, 85),
(684, 684, 53),
(685, 685, 39),
(686, 686, 74),
(687, 687, 72),
(688, 688, 39),
(689, 689, 82),
(690, 690, 68),
(691, 691, 39),
(692, 692, 39),
(693, 693, 39),
(694, 694, 39),
(695, 695, 73),
(696, 696, 76),
(697, 697, 17),
(698, 698, 81),
(699, 699, 57),
(700, 700, 38),
(701, 701, 6),
(702, 702, 39),
(703, 703, 39),
(704, 704, 1),
(705, 705, 1),
(706, 706, 29),
(707, 707, 39),
(708, 708, 39),
(709, 709, 9),
(710, 710, 1),
(711, 711, 48),
(712, 712, 6),
(713, 713, 45),
(714, 714, 23),
(715, 715, 56),
(716, 716, 55),
(717, 717, 84),
(718, 718, 83),
(719, 719, 16),
(720, 720, 49),
(721, 721, 84),
(722, 722, 48),
(723, 723, 6),
(724, 724, 46),
(725, 725, 74),
(726, 726, 56),
(727, 727, 55),
(728, 728, 1),
(729, 729, 28),
(730, 730, 1),
(731, 731, 86),
(732, 732, 84),
(733, 733, 48),
(734, 734, 85),
(735, 735, 36),
(736, 736, 72),
(737, 737, 36),
(738, 738, 34),
(739, 739, 57),
(740, 740, 83),
(741, 741, 19),
(742, 742, 49),
(743, 743, 29),
(744, 744, 48),
(745, 745, 35),
(746, 746, 45),
(747, 747, 34),
(748, 748, 35),
(749, 749, 83),
(750, 750, 19),
(751, 751, 49),
(752, 752, 29),
(753, 753, 33),
(754, 754, 74),
(755, 755, 1),
(756, 756, 48),
(757, 757, 6),
(758, 758, 45),
(759, 759, 23),
(760, 760, 56),
(761, 761, 55),
(762, 762, 84),
(763, 763, 83),
(764, 764, 16),
(765, 765, 49),
(766, 766, 84),
(767, 767, 48),
(768, 768, 6),
(769, 769, 46),
(770, 770, 74),
(771, 771, 56),
(772, 772, 55),
(773, 773, 1),
(774, 774, 28),
(775, 775, 1),
(776, 776, 86),
(777, 777, 84),
(778, 778, 48),
(779, 779, 85),
(780, 780, 36),
(781, 781, 72),
(782, 782, 36),
(783, 783, 34),
(784, 784, 57),
(785, 785, 83),
(786, 786, 19),
(787, 787, 49),
(788, 788, 29),
(789, 789, 48),
(790, 790, 35),
(791, 791, 45),
(792, 792, 34),
(793, 793, 35),
(794, 794, 83),
(795, 795, 19),
(796, 796, 49),
(797, 797, 29),
(798, 798, 33),
(799, 799, 74),
(800, 800, 1),
(801, 801, 6),
(802, 802, 45),
(803, 803, 84),
(804, 804, 84),
(805, 805, 6),
(806, 806, 46),
(807, 807, 1),
(808, 808, 84),
(809, 809, 85),
(810, 810, 36),
(811, 811, 57),
(812, 812, 29),
(813, 813, 35),
(814, 814, 45),
(815, 815, 35),
(816, 816, 29),
(817, 817, 1);


INSERT INTO Stundenplan_UnterrichtRaum(ID, Unterricht_ID, Raum_ID) VALUES
(1, 1, 27),
(2, 2, 30),
(3, 3, 36),
(4, 4, 27),
(5, 5, 29),
(6, 6, 36),
(7, 7, 26),
(8, 8, 32),
(9, 9, 35),
(10, 10, 30),
(11, 11, 33),
(12, 12, 30),
(13, 13, 36),
(14, 14, 27),
(15, 15, 32),
(16, 16, 34),
(17, 17, 28),
(18, 18, 30),
(19, 19, 33),
(20, 20, 27),
(21, 21, 30),
(22, 22, 30),
(23, 23, 36),
(24, 24, 28),
(25, 25, 30),
(26, 26, 34),
(27, 27, 27),
(28, 28, 32),
(29, 29, 35),
(30, 30, 28),
(31, 31, 29),
(32, 32, 34),
(33, 33, 28),
(34, 34, 32),
(35, 35, 34),
(36, 36, 25),
(37, 37, 30),
(38, 38, 33),
(39, 39, 31),
(40, 40, 33),
(41, 41, 28),
(42, 42, 31),
(43, 43, 36),
(44, 44, 26),
(45, 45, 31),
(46, 46, 33),
(47, 47, 28),
(48, 48, 31),
(49, 49, 35),
(50, 50, 27),
(51, 51, 28),
(52, 52, 30),
(53, 53, 35),
(54, 54, 30),
(55, 55, 35),
(56, 56, 31),
(57, 57, 26),
(58, 58, 31),
(59, 59, 35),
(60, 60, 28),
(61, 61, 29),
(62, 62, 28),
(63, 63, 31),
(64, 64, 35),
(65, 65, 32),
(66, 66, 28),
(67, 67, 32),
(68, 68, 33),
(69, 69, 25),
(70, 70, 30),
(71, 71, 27),
(72, 72, 29),
(73, 73, 35),
(74, 74, 28),
(75, 75, 30),
(76, 76, 34),
(77, 77, 26),
(78, 78, 30),
(79, 79, 35),
(80, 80, 26),
(81, 81, 29),
(82, 82, 34),
(83, 83, 36),
(84, 84, 36),
(85, 85, 35),
(86, 86, 26),
(87, 87, 32),
(88, 88, 34),
(89, 89, 26),
(90, 90, 31),
(91, 91, 33),
(92, 92, 29),
(93, 93, 36),
(94, 94, 27),
(95, 95, 29),
(96, 96, 33),
(97, 97, 29),
(98, 98, 26),
(99, 99, 29),
(100, 100, 35),
(101, 101, 25),
(102, 102, 31),
(103, 103, 36),
(104, 104, 26),
(105, 105, 29),
(106, 106, 33),
(107, 107, 31),
(108, 108, 34),
(109, 109, 25),
(110, 110, 31),
(111, 111, 27),
(112, 112, 32),
(113, 113, 34),
(114, 114, 28),
(115, 115, 32),
(116, 116, 34),
(117, 117, 27),
(118, 118, 30),
(119, 119, 35),
(120, 120, 28),
(121, 121, 30),
(122, 122, 35),
(123, 123, 25),
(124, 124, 29),
(125, 125, 30),
(126, 126, 36),
(127, 127, 30),
(128, 128, 33),
(129, 129, 27),
(130, 130, 30),
(131, 131, 33),
(132, 132, 26),
(133, 133, 20),
(134, 134, 20),
(135, 135, 19),
(136, 136, 17),
(137, 137, 20),
(138, 138, 19),
(139, 139, 17),
(140, 140, 19),
(141, 141, 18),
(142, 142, 20),
(143, 143, 20),
(144, 144, 19),
(145, 145, 19),
(146, 146, 19),
(147, 147, 27),
(148, 148, 32),
(149, 149, 33),
(150, 150, 28),
(151, 151, 32),
(152, 152, 35),
(153, 153, 32),
(154, 154, 35),
(155, 155, 29),
(156, 156, 35),
(157, 157, 27),
(158, 158, 29),
(159, 159, 35),
(160, 160, 25),
(161, 161, 32),
(162, 162, 36),
(163, 163, 28),
(164, 164, 31),
(165, 165, 35),
(166, 166, 30),
(167, 167, 30),
(168, 168, 32),
(169, 169, 26),
(170, 170, 32),
(171, 171, 33),
(172, 172, 26),
(173, 173, 32),
(174, 174, 27),
(175, 175, 25),
(176, 176, 31),
(177, 177, 35),
(178, 178, 28),
(179, 179, 31),
(180, 180, 34),
(181, 181, 26),
(182, 182, 31),
(183, 183, 35),
(184, 184, 26),
(185, 185, 29),
(186, 186, 35),
(187, 187, 27),
(188, 188, 30),
(189, 189, 35),
(190, 190, 25),
(191, 191, 29),
(192, 192, 34),
(193, 193, 26),
(194, 194, 29),
(195, 195, 34),
(196, 196, 32),
(197, 197, 36),
(198, 198, 31),
(199, 199, 26),
(200, 200, 31),
(201, 201, 33),
(202, 202, 28),
(203, 203, 31),
(204, 204, 34),
(205, 205, 27),
(206, 206, 34),
(207, 207, 36),
(208, 208, 35),
(209, 209, 34),
(210, 210, 28),
(211, 211, 25),
(212, 212, 25),
(213, 213, 27),
(214, 214, 32),
(215, 215, 34),
(216, 216, 25),
(217, 217, 31),
(218, 218, 33),
(219, 219, 26),
(220, 220, 32),
(221, 221, 34),
(222, 222, 30),
(223, 223, 35),
(224, 224, 32),
(225, 225, 35),
(226, 226, 26),
(227, 227, 32),
(228, 228, 34),
(229, 229, 28),
(230, 230, 30),
(231, 231, 34),
(232, 232, 27),
(233, 233, 32),
(234, 234, 29),
(235, 235, 36),
(236, 236, 27),
(237, 237, 29),
(238, 238, 35),
(239, 239, 28),
(240, 240, 32),
(241, 241, 33),
(242, 242, 26),
(243, 243, 32),
(244, 244, 36),
(245, 245, 26),
(246, 246, 30),
(247, 247, 33),
(248, 248, 26),
(249, 249, 29),
(250, 250, 33),
(251, 251, 29),
(252, 252, 34),
(253, 253, 27),
(254, 254, 31),
(255, 255, 34),
(256, 256, 27),
(257, 257, 31),
(258, 258, 36),
(259, 259, 25),
(260, 260, 29),
(261, 261, 34),
(262, 262, 27),
(263, 263, 27),
(264, 264, 29),
(265, 265, 35),
(266, 266, 32),
(267, 267, 33),
(268, 268, 32),
(269, 269, 25),
(270, 270, 32),
(271, 271, 36),
(272, 272, 25),
(273, 273, 30),
(274, 274, 28),
(275, 275, 30),
(276, 276, 34),
(277, 277, 29),
(278, 278, 25),
(279, 279, 29),
(280, 280, 34),
(281, 281, 27),
(282, 282, 30),
(283, 283, 28),
(284, 284, 31),
(285, 285, 34),
(286, 286, 25),
(287, 287, 32),
(288, 288, 35),
(289, 289, 25),
(290, 290, 30),
(291, 291, 34),
(292, 292, 27),
(293, 293, 29),
(294, 294, 34),
(295, 295, 33),
(296, 296, 33),
(297, 297, 34),
(298, 298, 27),
(299, 299, 29),
(300, 300, 35),
(301, 301, 28),
(302, 302, 31),
(303, 303, 34),
(304, 304, 29),
(305, 305, 36),
(306, 306, 27),
(307, 307, 32),
(308, 308, 35),
(309, 309, 31),
(310, 310, 25),
(311, 311, 31),
(312, 312, 34),
(313, 313, 28),
(314, 314, 32),
(315, 315, 35),
(316, 316, 25),
(317, 317, 30),
(318, 318, 34),
(319, 319, 29),
(320, 320, 34),
(321, 321, 26),
(322, 322, 29),
(323, 323, 26),
(324, 324, 32),
(325, 325, 34),
(326, 326, 25),
(327, 327, 30),
(328, 328, 34),
(329, 329, 25),
(330, 330, 31),
(331, 331, 33),
(332, 332, 28),
(333, 333, 31),
(334, 334, 33),
(335, 335, 27),
(336, 336, 30),
(337, 337, 30),
(338, 338, 34),
(339, 339, 31),
(340, 340, 35),
(341, 341, 27),
(342, 342, 29),
(343, 343, 33),
(344, 344, 25),
(345, 345, 20),
(346, 346, 17),
(347, 347, 20),
(348, 348, 19),
(349, 349, 18),
(350, 350, 19),
(351, 351, 19),
(352, 352, 18),
(353, 353, 19),
(354, 354, 18),
(355, 355, 20),
(356, 356, 20),
(357, 357, 18),
(358, 358, 19),
(359, 359, 25),
(360, 360, 29),
(361, 361, 34),
(362, 362, 27),
(363, 363, 29),
(364, 364, 34),
(365, 365, 31),
(366, 366, 33),
(367, 367, 29),
(368, 368, 35),
(369, 369, 26),
(370, 370, 29),
(371, 371, 35),
(372, 372, 27),
(373, 373, 29),
(374, 374, 36),
(375, 375, 28),
(376, 376, 29),
(377, 377, 33),
(378, 378, 31),
(379, 379, 31),
(380, 380, 32),
(381, 381, 25),
(382, 382, 31),
(383, 383, 36),
(384, 384, 27),
(385, 385, 30),
(386, 386, 27),
(387, 387, 26),
(388, 388, 30),
(389, 389, 35),
(390, 390, 28),
(391, 391, 31),
(392, 392, 34),
(393, 393, 25),
(394, 394, 29),
(395, 395, 35),
(396, 396, 25),
(397, 397, 30),
(398, 398, 34),
(399, 399, 27),
(400, 400, 29),
(401, 401, 35),
(402, 402, 25),
(403, 403, 32),
(404, 404, 35),
(405, 405, 28),
(406, 406, 32),
(407, 407, 35),
(408, 408, 32),
(409, 409, 36),
(410, 410, 32),
(411, 411, 27),
(412, 412, 30),
(413, 413, 35),
(414, 414, 28),
(415, 415, 31),
(416, 416, 36),
(417, 417, 26),
(418, 418, 35),
(419, 419, 33),
(420, 420, 34),
(421, 421, 33),
(422, 422, 25),
(423, 423, 27),
(424, 424, 27),
(425, 425, 26),
(426, 426, 30),
(427, 427, 36),
(428, 428, 26),
(429, 429, 30),
(430, 430, 36),
(431, 431, 25),
(432, 432, 32),
(433, 433, 33),
(434, 434, 31),
(435, 435, 36),
(436, 436, 30),
(437, 437, 36),
(438, 438, 27),
(439, 439, 31),
(440, 440, 36),
(441, 441, 25),
(442, 442, 29),
(443, 443, 35),
(444, 444, 27),
(445, 445, 29),
(446, 446, 29),
(447, 447, 33),
(448, 448, 26),
(449, 449, 32),
(450, 450, 35),
(451, 451, 26),
(452, 452, 30),
(453, 453, 35),
(454, 454, 26),
(455, 455, 31),
(456, 456, 35),
(457, 457, 28),
(458, 458, 32),
(459, 459, 35),
(460, 460, 25),
(461, 461, 30),
(462, 462, 33),
(463, 463, 29),
(464, 464, 36),
(465, 465, 26),
(466, 466, 32),
(467, 467, 33),
(468, 468, 26),
(469, 469, 30),
(470, 470, 36),
(471, 471, 25),
(472, 472, 29),
(473, 473, 33),
(474, 474, 26),
(475, 475, 28),
(476, 476, 31),
(477, 477, 36),
(478, 478, 30),
(479, 479, 33),
(480, 480, 31),
(481, 481, 28),
(482, 482, 31),
(483, 483, 34),
(484, 484, 26),
(485, 485, 30),
(486, 486, 28),
(487, 487, 29),
(488, 488, 36),
(489, 489, 29),
(490, 490, 25),
(491, 491, 30),
(492, 492, 36),
(493, 493, 26),
(494, 494, 29),
(495, 495, 27),
(496, 496, 30),
(497, 497, 36),
(498, 498, 26),
(499, 499, 31),
(500, 500, 33),
(501, 501, 26),
(502, 502, 29),
(503, 503, 36),
(504, 504, 25),
(505, 505, 31),
(506, 506, 34),
(507, 507, 34),
(508, 508, 36),
(509, 509, 36),
(510, 510, 25),
(511, 511, 32),
(512, 512, 35),
(513, 513, 25),
(514, 514, 31),
(515, 515, 33),
(516, 516, 30),
(517, 517, 36),
(518, 518, 25),
(519, 519, 31),
(520, 520, 35),
(521, 521, 32),
(522, 522, 26),
(523, 523, 32),
(524, 524, 36),
(525, 525, 27),
(526, 526, 32),
(527, 527, 36),
(528, 528, 26),
(529, 529, 30),
(530, 530, 35),
(531, 531, 32),
(532, 532, 36),
(533, 533, 25),
(534, 534, 30),
(535, 535, 25),
(536, 536, 32),
(537, 537, 33),
(538, 538, 28),
(539, 539, 32),
(540, 540, 33),
(541, 541, 27),
(542, 542, 29),
(543, 543, 33),
(544, 544, 27),
(545, 545, 32),
(546, 546, 35),
(547, 547, 28),
(548, 548, 29),
(549, 549, 30),
(550, 550, 34),
(551, 551, 32),
(552, 552, 34),
(553, 553, 27),
(554, 554, 32),
(555, 555, 34),
(556, 556, 26),
(557, 557, 19),
(558, 558, 20),
(559, 559, 18),
(560, 560, 19),
(561, 561, 18),
(562, 562, 19),
(563, 563, 19),
(564, 564, 19),
(565, 565, 19),
(566, 566, 27),
(567, 567, 30),
(568, 568, 33),
(569, 569, 25),
(570, 570, 31),
(571, 571, 35),
(572, 572, 29),
(573, 573, 34),
(574, 574, 32),
(575, 575, 34),
(576, 576, 28),
(577, 577, 31),
(578, 578, 35),
(579, 579, 25),
(580, 580, 29),
(581, 581, 33),
(582, 582, 28),
(583, 583, 31),
(584, 584, 36),
(585, 585, 28),
(586, 586, 31),
(587, 587, 36),
(588, 588, 25),
(589, 589, 32),
(590, 590, 28),
(591, 591, 26),
(592, 592, 32),
(593, 593, 36),
(594, 594, 27),
(595, 595, 30),
(596, 596, 33),
(597, 597, 26),
(598, 598, 29),
(599, 599, 34),
(600, 600, 27),
(601, 601, 31),
(602, 602, 34),
(603, 603, 26),
(604, 604, 32),
(605, 605, 35),
(606, 606, 27),
(607, 607, 29),
(608, 608, 35),
(609, 609, 28),
(610, 610, 29),
(611, 611, 33),
(612, 612, 31),
(613, 613, 33),
(614, 614, 30),
(615, 615, 26),
(616, 616, 30),
(617, 617, 33),
(618, 618, 27),
(619, 619, 32),
(620, 620, 34),
(621, 621, 27),
(622, 622, 35),
(623, 623, 33),
(624, 624, 36),
(625, 625, 34),
(626, 626, 31),
(627, 627, 34),
(628, 628, 29),
(629, 629, 36),
(630, 630, 30),
(631, 631, 33),
(632, 632, 31),
(633, 633, 35),
(634, 634, 29),
(635, 635, 33),
(636, 636, 30),
(637, 637, 35),
(638, 638, 30),
(639, 639, 36),
(640, 640, 29),
(641, 641, 30),
(642, 642, 33),
(643, 643, 29),
(644, 644, 32),
(645, 645, 34),
(646, 646, 35),
(647, 647, 30),
(648, 648, 35),
(649, 649, 32),
(650, 650, 34),
(651, 651, 29),
(652, 652, 33),
(653, 653, 30),
(654, 654, 33),
(655, 655, 30),
(656, 656, 34),
(657, 657, 31),
(658, 658, 33),
(659, 659, 30),
(660, 660, 36),
(661, 661, 28),
(662, 662, 32),
(663, 663, 34),
(664, 664, 25),
(665, 665, 32),
(666, 666, 34),
(667, 667, 29),
(668, 668, 36),
(669, 669, 32),
(670, 670, 33),
(671, 671, 29),
(672, 672, 35),
(673, 673, 29),
(674, 674, 34),
(675, 675, 32),
(676, 676, 33),
(677, 677, 31),
(678, 678, 34),
(679, 679, 31),
(680, 680, 36),
(681, 681, 32),
(682, 682, 36),
(683, 683, 32),
(684, 684, 34),
(685, 685, 32),
(686, 686, 32),
(687, 687, 34),
(688, 688, 31),
(689, 689, 32),
(690, 690, 36),
(691, 691, 34),
(692, 692, 31),
(693, 693, 36),
(694, 694, 31),
(695, 695, 35),
(696, 696, 32),
(697, 697, 35),
(698, 698, 31),
(699, 699, 36),
(700, 700, 32),
(701, 701, 33),
(702, 702, 30),
(703, 703, 35),
(704, 704, 30),
(705, 705, 33),
(706, 706, 30),
(707, 707, 36),
(708, 708, 30),
(709, 709, 33),
(710, 710, 15),
(711, 711, 17),
(712, 712, 17),
(713, 713, 17),
(714, 714, 17),
(715, 715, 17),
(716, 716, 17),
(717, 717, 17),
(718, 718, 17),
(719, 719, 17),
(720, 720, 17),
(721, 721, 17),
(722, 722, 18),
(723, 723, 18),
(724, 724, 18),
(725, 725, 18),
(726, 726, 18),
(727, 727, 18),
(728, 728, 18),
(729, 729, 18),
(730, 730, 18),
(731, 731, 18),
(732, 732, 18),
(733, 733, 19),
(734, 734, 19),
(735, 735, 19),
(736, 736, 19),
(737, 737, 19),
(738, 738, 19),
(739, 739, 19),
(740, 740, 19),
(741, 741, 19),
(742, 742, 19),
(743, 743, 19),
(744, 744, 20),
(745, 745, 20),
(746, 746, 20),
(747, 747, 20),
(748, 748, 20),
(749, 749, 20),
(750, 750, 20),
(751, 751, 20),
(752, 752, 20),
(753, 753, 20),
(754, 754, 20),
(755, 755, 15),
(756, 756, 17),
(757, 757, 17),
(758, 758, 17),
(759, 759, 17),
(760, 760, 17),
(761, 761, 17),
(762, 762, 17),
(763, 763, 17),
(764, 764, 17),
(765, 765, 17),
(766, 766, 17),
(767, 767, 18),
(768, 768, 18),
(769, 769, 18),
(770, 770, 18),
(771, 771, 18),
(772, 772, 18),
(773, 773, 18),
(774, 774, 18),
(775, 775, 18),
(776, 776, 18),
(777, 777, 18),
(778, 778, 19),
(779, 779, 19),
(780, 780, 19),
(781, 781, 19),
(782, 782, 19),
(783, 783, 19),
(784, 784, 19),
(785, 785, 19),
(786, 786, 19),
(787, 787, 19),
(788, 788, 19),
(789, 789, 20),
(790, 790, 20),
(791, 791, 20),
(792, 792, 20),
(793, 793, 20),
(794, 794, 20),
(795, 795, 20),
(796, 796, 20),
(797, 797, 20),
(798, 798, 20),
(799, 799, 20),
(800, 800, 15),
(801, 801, 17),
(802, 802, 17),
(803, 803, 17),
(804, 804, 17),
(805, 805, 18),
(806, 806, 18),
(807, 807, 18),
(808, 808, 18),
(809, 809, 19),
(810, 810, 19),
(811, 811, 19),
(812, 812, 19),
(813, 813, 20),
(814, 814, 20),
(815, 815, 20),
(816, 816, 20),
(817, 817, 15);
